{"cameraMode":{"drawMode":0,"name":"Shaded","section":"Shading Mode"},"sceneLighting":true,"audioPlay":false,"sceneViewState":{"showFog":true,"showMaterialUpdate":false,"showSkybox":true,"showFlares":true,"showImageEffects":true,"showParticleSystems":true},"in2DMode":false,"pivot":{"x":-3.432678699493408,"y":0.6708953380584717,"z":3.495197296142578},"rotation":{"x":0.15008431673049928,"y":-0.5671557784080505,"z":0.10603930801153183,"w":0.8028876185417175},"size":19.9970703125,"orthographic":false}